Id,label
33554,positive
9428,positive
200,negative
12448,positive
39490,negative
42725,positive
10823,positive
49499,positive
4145,negative
36959,negative
43107,negative
38696,positive
6189,negative
1415,negative
18472,negative
29283,positive
15178,positive
34305,positive
12610,positive
12145,positive
6114,negative
15909,positive
822,positive
15119,negative
13467,negative
26498,positive
42112,positive
30189,positive
37238,negative
33110,negative
36481,negative
24149,positive
5504,negative
3919,negative
38479,positive
21124,negative
49718,negative
42295,negative
47610,negative
11077,negative
41515,negative
22063,negative
9414,negative
38341,negative
30264,positive
41253,positive
14645,negative
26336,positive
28103,positive
17524,negative
24713,negative
40486,positive
3851,negative
40041,positive
15268,negative
49147,positive
30002,negative
45927,positive
43825,negative
17241,negative
4893,negative
726,negative
22950,negative
34658,positive
37214,negative
20305,positive
15270,negative
22368,negative
42685,negative
46735,negative
11733,negative
18620,negative
48493,negative
26804,negative
44306,positive
47523,positive
32208,negative
2531,positive
17747,negative
8271,negative
15080,negative
13625,negative
30639,positive
30441,positive
36057,positive
42652,negative
36804,positive
48225,positive
29227,positive
5634,positive
5988,negative
48064,negative
1813,positive
27579,negative
16824,positive
3929,positive
37287,positive
25046,positive
15728,positive
29601,positive
10431,positive
25769,negative
29104,negative
36538,positive
39329,negative
35540,negative
28076,negative
17841,negative
27803,positive
7683,negative
24280,negative
33071,negative
35558,negative
37190,negative
47150,negative
46916,negative
9802,positive
38801,positive
24670,positive
44234,positive
31920,negative
7135,positive
33705,positive
29661,positive
17894,positive
22019,positive
13539,positive
43119,negative
36421,negative
9406,negative
13414,positive
6721,positive
15602,positive
44744,negative
31139,positive
2730,positive
38243,positive
29626,negative
47895,positive
42091,positive
36400,positive
6245,positive
5546,positive
4065,positive
12852,negative
21803,negative
41164,negative
6233,positive
3863,negative
35095,positive
40196,positive
39251,negative
6218,negative
36776,positive
42977,negative
48468,positive
14832,positive
30093,negative
8894,negative
6021,negative
46089,positive
15243,positive
45308,positive
26551,negative
6035,negative
7906,positive
32226,negative
6018,negative
21880,negative
2792,negative
42606,positive
5824,positive
15388,negative
29562,positive
39476,negative
293,positive
16958,negative
30861,positive
14074,negative
21857,negative
22080,negative
17024,negative
8740,positive
15826,negative
2742,positive
18049,positive
49937,positive
17373,negative
22022,positive
46365,negative
23538,positive
45500,positive
40186,positive
9614,negative
43282,positive
37892,negative
26179,positive
45893,negative
20934,negative
40972,negative
22225,negative
24382,negative
34856,negative
48578,positive
38537,positive
31756,positive
7754,positive
46639,positive
43835,positive
26236,positive
44230,positive
49597,positive
18553,positive
43137,negative
36673,positive
43650,negative
3941,positive
31497,negative
26594,negative
23922,negative
26403,positive
45943,negative
48526,positive
18316,negative
36894,positive
26696,positive
42128,positive
14171,positive
3733,negative
7882,negative
6017,positive
23030,negative
35474,negative
49686,positive
4818,negative
41694,negative
12008,positive
41328,positive
9507,negative
44799,negative
34063,negative
27475,negative
31144,negative
21236,negative
1391,positive
38250,negative
37625,negative
42029,positive
20835,negative
14758,positive
26397,positive
6809,positive
9226,positive
48395,negative
5396,positive
6944,negative
23871,negative
32493,negative
36346,negative
10756,positive
12302,negative
48387,positive
42746,negative
29090,negative
44713,positive
14344,negative
38173,positive
5072,positive
24122,positive
48810,positive
17821,negative
1123,negative
11265,negative
30580,negative
45465,positive
48217,negative
43045,positive
15657,negative
1901,positive
148,positive
29643,negative
3212,positive
43851,positive
2355,positive
31521,positive
42584,positive
43338,negative
45285,positive
46957,negative
48791,positive
36586,positive
10466,positive
7822,negative
7206,positive
6414,negative
34047,negative
12729,negative
6926,positive
27996,negative
37613,negative
39484,negative
3017,positive
1641,negative
8884,negative
37602,positive
12970,positive
23464,negative
15758,negative
44077,negative
4087,negative
509,positive
6355,negative
29645,positive
20816,negative
6235,negative
31990,positive
12996,negative
42502,positive
38921,positive
263,negative
7892,negative
10528,negative
18601,positive
24115,negative
33499,negative
13472,negative
31726,positive
23691,negative
10558,positive
6557,positive
45578,negative
41504,negative
27873,negative
10811,positive
38215,positive
11731,positive
27439,positive
21780,positive
34080,negative
22916,negative
8086,positive
43468,positive
14710,negative
15467,negative
37173,negative
28749,negative
3105,negative
709,negative
38386,negative
23445,positive
26511,negative
8467,positive
6231,negative
46359,negative
39358,negative
16387,positive
34166,negative
4169,positive
5804,negative
12754,negative
2190,negative
12188,negative
31728,negative
19246,negative
37867,negative
43515,positive
8719,positive
28825,negative
24469,positive
48253,positive
7202,positive
9283,positive
26821,positive
27374,negative
22493,positive
45638,positive
45880,positive
29340,negative
46548,negative
10804,negative
20965,positive
30033,negative
5223,negative
660,negative
33246,negative
5866,negative
48872,negative
22986,positive
28881,negative
47088,negative
26528,negative
9648,negative
49546,positive
32375,negative
26159,negative
11712,positive
27239,positive
18354,negative
49515,negative
21725,negative
25925,negative
41390,negative
4773,positive
35205,positive
27879,negative
5875,negative
17805,negative
34224,negative
7842,negative
15923,positive
28367,negative
12084,negative
20034,positive
14488,negative
20819,negative
37518,negative
44236,positive
48651,negative
36236,negative
21070,positive
9524,negative
32756,negative
12054,negative
23594,positive
8038,positive
46977,negative
16400,positive
45786,negative
34616,negative
7625,positive
13662,negative
37737,negative
26542,negative
13268,negative
18083,negative
48086,positive
42768,positive
4071,positive
16287,negative
1119,positive
10075,negative
11374,negative
32685,positive
46434,positive
25350,negative
6716,positive
34568,negative
1031,negative
22754,negative
11762,negative
35897,negative
14493,negative
25086,positive
20396,negative
4814,positive
8995,positive
49692,negative
21375,positive
30243,positive
47579,positive
1165,positive
24811,negative
21110,negative
3698,positive
11439,positive
4470,negative
9808,positive
47768,negative
6749,positive
49185,positive
17379,positive
36885,positive
13357,negative
32405,positive
42455,positive
46066,negative
11539,negative
2009,positive
3222,negative
44997,positive
18763,positive
14166,negative
40684,negative
25081,negative
1823,negative
44662,negative
6849,positive
12636,positive
37669,positive
6096,positive
39249,positive
10578,negative
31075,negative
29113,positive
10193,positive
315,negative
11450,negative
30746,positive
29703,positive
27659,positive
23686,negative
28376,positive
3086,positive
49372,positive
3752,positive
5049,negative
29187,negative
30709,positive
20147,negative
32250,negative
4970,positive
30526,negative
18495,negative
38065,negative
41837,negative
32753,negative
20074,negative
26274,negative
13650,positive
25534,negative
17522,negative
25481,positive
48235,negative
48788,negative
32390,negative
5087,negative
17253,positive
4040,positive
18387,positive
4247,negative
18628,negative
880,negative
23299,positive
29753,positive
30173,positive
28560,positive
18864,negative
43344,positive
34211,negative
26084,positive
1942,negative
22226,positive
44692,negative
43240,positive
23860,positive
14159,positive
33876,positive
48105,negative
23450,negative
6624,positive
38265,positive
26242,negative
47592,negative
24156,negative
32059,negative
9332,positive
43565,positive
3494,negative
4879,positive
47063,positive
999,negative
37087,positive
36438,negative
34750,positive
28617,negative
37096,negative
22811,positive
7143,positive
21559,positive
9936,positive
4789,positive
30511,positive
31190,positive
20084,negative
10824,negative
673,negative
15595,positive
43049,positive
21912,negative
11869,negative
34691,positive
11322,negative
44212,negative
24615,negative
12006,positive
3940,negative
4614,negative
36760,negative
31459,positive
44953,negative
4348,negative
39328,positive
49923,negative
22394,negative
3157,negative
29918,positive
37224,negative
13479,positive
13872,negative
38556,negative
25330,positive
44685,positive
986,positive
37140,positive
35034,negative
23731,negative
7531,negative
44395,positive
32949,positive
30878,negative
29931,negative
23416,positive
6060,negative
23680,negative
15941,positive
6949,positive
30096,negative
41340,positive
49599,negative
33184,negative
16581,positive
1389,negative
21351,negative
49751,positive
34432,positive
24455,positive
40360,positive
18578,negative
33452,positive
47853,positive
5,positive
29183,negative
8231,negative
5947,negative
7823,positive
19487,negative
15385,positive
41100,positive
18184,negative
27162,positive
11646,negative
24391,negative
4851,negative
47436,negative
42207,positive
45341,positive
28170,positive
3420,negative
42591,negative
38735,negative
36720,positive
29498,negative
4363,negative
4029,negative
3427,negative
20269,positive
20058,positive
11479,positive
47945,negative
29393,positive
29047,negative
8565,negative
39507,positive
49805,positive
25450,positive
34922,negative
30478,negative
13520,negative
34008,positive
21316,positive
42425,negative
48901,negative
47633,negative
49789,negative
44232,negative
10724,negative
13155,negative
13763,negative
42812,negative
30804,positive
36261,positive
21437,negative
25971,positive
32204,positive
7181,positive
41281,positive
28087,negative
13702,negative
1004,positive
9059,negative
44235,negative
25675,positive
45056,negative
35144,negative
38163,negative
22477,negative
23007,positive
45344,negative
36128,positive
49710,negative
13099,negative
37196,positive
4108,negative
41336,negative
25223,negative
35840,positive
29719,negative
46953,negative
29828,negative
17543,positive
24916,negative
4514,positive
19937,positive
46525,negative
24511,negative
27442,positive
12002,negative
23354,positive
27293,negative
34204,negative
12148,negative
15292,positive
46880,positive
8691,positive
12654,negative
31470,positive
2955,positive
3004,negative
15814,negative
6657,negative
12774,positive
39531,positive
34408,negative
8837,negative
14618,positive
22836,negative
15981,positive
37916,positive
1571,positive
35908,negative
26090,positive
20914,negative
9958,positive
18276,positive
15432,positive
23494,negative
15790,positive
35780,negative
11981,positive
44906,negative
35763,positive
27093,negative
46835,negative
33438,negative
47381,negative
1591,positive
26756,negative
21759,negative
3002,negative
44112,negative
43520,negative
629,positive
20737,positive
11903,negative
6367,negative
17133,positive
9479,negative
41871,positive
12933,negative
13642,negative
19627,negative
9952,negative
28963,positive
28446,positive
19699,negative
44224,negative
2997,positive
13638,positive
22471,positive
36087,positive
28918,negative
17650,positive
27956,positive
2855,negative
13390,negative
13049,negative
22333,positive
30578,positive
34735,negative
19539,negative
39587,positive
5573,positive
47751,positive
30964,positive
35496,negative
20263,positive
44660,negative
21746,positive
47249,negative
36228,positive
28787,positive
35620,negative
46000,negative
49513,positive
44515,negative
28684,negative
31549,negative
31965,positive
9434,negative
22374,negative
21623,negative
12452,positive
11800,negative
31389,negative
20769,positive
4829,negative
14590,positive
1508,negative
18613,negative
19303,positive
38310,negative
1739,negative
35876,negative
47068,positive
5115,positive
24907,negative
7636,positive
14399,positive
36171,negative
9184,negative
36797,negative
37623,positive
1656,positive
4327,positive
27378,positive
19045,negative
44329,negative
9662,negative
15915,positive
25467,negative
13611,negative
11671,negative
1220,positive
38864,positive
12558,negative
39144,positive
35509,positive
11853,positive
13239,positive
29951,positive
27985,negative
22091,negative
48990,positive
40640,negative
28912,negative
8571,negative
38432,negative
40526,positive
35550,positive
29488,negative
26038,positive
19371,negative
44735,negative
6916,negative
14999,negative
16751,negative
29960,negative
28857,negative
38912,negative
5844,positive
15770,positive
27099,positive
34727,positive
20931,positive
12314,positive
8294,positive
49409,negative
22320,positive
20487,negative
22611,positive
12466,positive
41513,negative
48610,negative
17673,positive
8566,positive
42906,negative
33295,negative
12929,negative
8384,negative
26547,negative
21161,positive
25332,negative
417,negative
38314,negative
40759,positive
1407,positive
27989,positive
20658,negative
46982,positive
29902,negative
32870,negative
21614,positive
18693,positive
14463,negative
13530,positive
29805,positive
1445,positive
18219,negative
45064,positive
30647,negative
49168,negative
39990,negative
44756,negative
48346,positive
42970,positive
20420,positive
10897,positive
45621,negative
36350,positive
19313,negative
5583,negative
6683,positive
30680,negative
28389,positive
6848,negative
15982,positive
33676,positive
47504,negative
7566,positive
20729,negative
7412,positive
25355,positive
47739,negative
9759,positive
9768,negative
7134,negative
28594,negative
41210,positive
23112,negative
44347,negative
22810,positive
20508,positive
45706,negative
21762,negative
21496,negative
11505,negative
32457,positive
44210,negative
43813,positive
18265,negative
41115,negative
20035,negative
10076,positive
37297,positive
14277,negative
35781,positive
16871,negative
4230,negative
49030,positive
168,negative
14447,negative
36717,negative
36165,positive
14474,positive
44427,positive
46117,negative
30626,positive
9961,negative
38723,negative
28345,negative
16438,negative
8854,positive
17364,negative
4581,positive
47304,negative
44680,negative
15193,negative
31448,negative
5526,positive
39228,positive
3468,positive
15074,negative
48706,negative
13610,positive
18786,negative
39758,positive
24217,positive
33986,negative
11626,positive
12137,positive
12629,negative
28348,positive
43512,negative
5873,negative
48244,negative
33982,negative
31261,negative
12293,negative
42287,positive
13665,negative
12951,negative
31757,positive
14514,negative
20458,negative
41547,positive
851,positive
34768,negative
24913,negative
17970,positive
28377,positive
9890,positive
46456,negative
38500,positive
16248,negative
8787,negative
35430,positive
19104,negative
44143,negative
14787,negative
18217,negative
29737,negative
18195,negative
42356,negative
20186,positive
38611,negative
22656,negative
31786,negative
36667,positive
44905,negative
6080,positive
15556,positive
48062,negative
24408,positive
44889,negative
6425,positive
46203,negative
42285,positive
45699,negative
41461,negative
28418,negative
18151,negative
30624,negative
3151,negative
18185,negative
26731,negative
12515,negative
36056,negative
40833,positive
34374,negative
45453,positive
34308,negative
46162,positive
37976,negative
21233,negative
20327,positive
27005,negative
45594,negative
25848,negative
7440,negative
37341,positive
10027,negative
20966,positive
7285,negative
30275,negative
49968,positive
31159,negative
15618,positive
9619,negative
28873,positive
37268,negative
18811,positive
32954,negative
29894,negative
32505,negative
27732,positive
31314,positive
31845,negative
4274,negative
47404,negative
23362,positive
2323,positive
14973,negative
16452,positive
14546,negative
19314,positive
23671,positive
37050,negative
45913,negative
26320,negative
33922,negative
6323,negative
466,positive
3254,positive
10987,negative
14751,positive
14785,negative
565,positive
43127,positive
12725,positive
33808,negative
7299,positive
25389,negative
19686,negative
34489,negative
37828,positive
3594,positive
12401,negative
29940,negative
24855,positive
21776,positive
38919,positive
7526,positive
8902,positive
24779,negative
40304,positive
39666,negative
31513,negative
26723,negative
11905,negative
32150,negative
48832,negative
21258,positive
43773,positive
42847,negative
32749,positive
34536,positive
31921,positive
34537,positive
9074,positive
2339,positive
17027,negative
20215,positive
10993,positive
16340,negative
49127,negative
42628,positive
43377,positive
7271,negative
26458,negative
16282,negative
8727,negative
24193,negative
29728,positive
1567,positive
43977,negative
11754,positive
37023,negative
34921,positive
13366,negative
37399,positive
36169,positive
12426,positive
645,negative
1040,negative
28077,positive
11215,negative
333,positive
6484,negative
45639,positive
32733,negative
8179,negative
16759,positive
47722,negative
33288,positive
45683,negative
47934,positive
35573,negative
28810,negative
20362,positive
4450,positive
47535,positive
18204,positive
18727,negative
28132,negative
12916,positive
46304,negative
39062,positive
15510,negative
16422,positive
2575,positive
38351,positive
34003,negative
10601,negative
6937,positive
34097,negative
38823,positive
30889,positive
1499,positive
29446,positive
29518,positive
32132,positive
31915,positive
20538,negative
31680,negative
28407,positive
49271,positive
47069,positive
28692,negative
48330,negative
41821,negative
13535,positive
35459,positive
4860,positive
30932,negative
14075,negative
39012,negative
15445,negative
42645,positive
42825,positive
485,negative
40140,negative
35249,positive
47553,negative
35752,positive
31135,positive
19233,negative
14476,negative
29801,positive
31802,negative
24676,negative
5237,negative
28202,positive
8043,positive
3768,positive
31210,negative
22330,negative
37278,positive
29833,negative
7525,positive
6808,negative
11099,positive
4730,negative
6770,negative
23258,negative
9554,negative
11911,negative
25134,negative
19367,negative
16003,negative
1645,negative
45781,negative
20135,negative
28822,positive
27637,positive
40658,positive
3280,positive
43954,negative
39538,negative
44981,negative
22666,positive
8249,positive
16167,positive
31709,positive
37418,negative
38543,positive
38706,negative
40565,positive
26085,negative
17005,positive
42437,negative
6706,negative
10173,negative
22086,positive
48744,positive
5153,negative
13060,negative
17722,negative
42214,negative
24802,negative
20156,positive
5147,positive
32730,negative
49253,positive
49477,positive
39443,positive
43121,positive
18577,negative
41585,positive
35109,positive
36718,positive
20617,positive
17769,positive
16398,positive
1233,negative
40280,positive
11070,negative
32394,positive
9431,negative
17864,positive
34418,positive
44845,negative
27617,negative
13035,positive
1604,positive
25037,negative
43369,positive
8538,negative
28602,positive
30645,positive
37322,negative
17285,positive
8376,positive
32583,positive
49233,negative
15351,positive
42886,positive
33627,positive
1537,negative
42912,positive
21191,positive
1182,positive
6584,positive
11500,negative
30781,negative
10127,negative
13023,positive
34213,positive
48908,positive
21229,negative
4456,positive
8441,positive
5713,positive
27663,negative
19825,positive
31176,positive
11710,negative
15720,positive
20476,positive
18425,negative
9550,positive
43966,negative
31207,positive
12968,negative
41471,negative
46711,positive
9294,positive
38336,positive
18615,positive
38275,negative
4520,negative
22110,negative
42243,negative
18223,positive
45396,positive
4885,negative
4507,positive
42664,positive
25812,positive
11125,negative
665,positive
19131,negative
40411,positive
18300,negative
6685,negative
502,positive
28099,negative
44872,positive
32651,negative
41289,positive
33571,negative
31893,positive
49651,positive
48952,positive
18088,positive
11179,negative
19603,negative
13252,positive
16417,negative
23207,positive
39881,negative
39376,negative
11437,positive
45270,positive
29464,positive
6737,positive
20687,negative
17050,positive
45512,positive
4845,negative
3273,negative
32714,negative
33178,positive
49771,negative
31808,positive
33270,negative
16096,negative
8905,negative
8407,positive
5013,positive
4244,positive
15419,positive
41124,negative
29756,positive
32164,positive
31980,negative
36444,positive
16482,positive
1115,negative
14876,positive
6267,negative
39209,negative
32427,negative
11918,positive
23181,negative
41354,negative
35149,positive
30573,negative
47807,negative
45286,negative
42791,positive
20997,negative
34299,positive
22049,negative
2529,positive
30519,negative
29541,positive
27441,positive
43855,negative
26939,negative
2985,negative
14774,negative
27928,negative
22426,negative
26390,positive
42169,positive
45903,negative
19186,negative
18987,negative
29621,positive
20561,negative
35150,negative
24235,negative
15434,negative
2864,negative
23220,positive
16663,negative
15768,negative
14479,positive
9956,negative
31403,positive
21050,negative
34970,positive
24269,negative
23205,negative
3378,positive
1600,negative
477,positive
10799,negative
8640,positive
22143,positive
22183,negative
9933,positive
21047,positive
45443,negative
36232,positive
43953,negative
38327,positive
38593,negative
17782,negative
29876,negative
31071,positive
22257,positive
9460,positive
10666,positive
8332,positive
25866,negative
48002,negative
17555,negative
38887,positive
28591,negative
15303,negative
27981,positive
19594,negative
11840,negative
19063,negative
26701,positive
39869,positive
18827,negative
44783,negative
13474,positive
1812,negative
5577,positive
13605,positive
45815,negative
19288,positive
45445,negative
2214,positive
27631,positive
43905,negative
30732,negative
21256,positive
22983,negative
16040,positive
2673,positive
29364,negative
2609,negative
20497,negative
47609,negative
5160,positive
39382,negative
35577,negative
34235,positive
32778,positive
11402,positive
10505,negative
33527,positive
41590,negative
5755,negative
44771,positive
22012,positive
45389,positive
20938,negative
21935,positive
8035,negative
7127,negative
47616,positive
47791,positive
46123,positive
35847,negative
34583,negative
13083,negative
40647,positive
21906,positive
25239,positive
35976,positive
6497,positive
43694,positive
33525,positive
20702,negative
13313,positive
10037,positive
14165,positive
31155,negative
24949,positive
35309,negative
47764,negative
32908,negative
45610,positive
5254,positive
19105,positive
32806,negative
40517,negative
3883,positive
22989,positive
31225,positive
3419,negative
38930,negative
23542,positive
26355,negative
19772,positive
10190,negative
44563,negative
44561,positive
44945,positive
5196,negative
37256,positive
31611,positive
2192,positive
31040,positive
46777,negative
7786,positive
46173,negative
42979,negative
48127,positive
3155,negative
22796,positive
29896,negative
16913,positive
41043,negative
42716,negative
7442,negative
12849,positive
12620,negative
19747,positive
1423,negative
26895,negative
6066,negative
37617,positive
37029,negative
43198,negative
29229,negative
29836,positive
22686,negative
22342,positive
45714,positive
34760,negative
5216,negative
48813,negative
44918,positive
39365,negative
47379,negative
2900,positive
13308,negative
18862,negative
14161,negative
15154,negative
2562,negative
7309,negative
19224,positive
39544,negative
33681,negative
39098,negative
44841,negative
44615,negative
27192,negative
17477,positive
14804,negative
26838,positive
10263,positive
44191,positive
43279,negative
30949,negative
42990,positive
19710,negative
28469,positive
544,negative
23823,negative
28067,positive
34416,negative
39628,negative
1164,positive
29747,negative
2211,positive
23002,negative
32301,positive
46321,negative
28828,positive
44405,negative
18199,positive
1902,positive
37461,negative
17693,negative
28201,negative
24783,positive
28969,negative
38889,positive
35969,positive
30876,negative
38949,positive
15360,negative
42752,positive
44470,positive
19715,positive
11608,positive
36168,negative
35572,negative
30442,negative
39647,positive
45247,positive
10435,negative
45592,positive
33541,negative
4163,negative
24262,negative
27619,positive
17467,positive
2442,positive
6212,positive
16369,positive
6897,negative
27591,positive
27722,negative
6401,positive
46283,negative
30128,negative
19028,negative
33822,negative
32757,positive
47478,negative
31633,negative
18559,positive
16626,positive
17532,positive
37648,positive
33396,negative
17828,negative
14428,positive
1006,negative
5489,negative
45616,negative
17407,negative
455,positive
4245,positive
39506,negative
43384,negative
34293,positive
41414,positive
44592,positive
31954,positive
29981,positive
9392,positive
22339,positive
11709,positive
12967,positive
45665,negative
12825,negative
29862,negative
36408,negative
19205,negative
7777,positive
35973,positive
46216,positive
26543,negative
26717,negative
41854,negative
15470,positive
27056,positive
11063,positive
12111,positive
14519,negative
37533,positive
33613,negative
13434,negative
3054,negative
17453,positive
27506,positive
48931,negative
20001,negative
39080,negative
9274,negative
10135,positive
2983,positive
31600,positive
47438,negative
40224,positive
5771,positive
34871,positive
29000,negative
16321,positive
38545,negative
14816,negative
17963,negative
23648,positive
8480,negative
22896,negative
18854,negative
39475,negative
9354,negative
25043,positive
46016,positive
2758,negative
12215,positive
23492,negative
28028,negative
4129,negative
30612,negative
7916,positive
27688,positive
25573,negative
2183,positive
29966,negative
26217,negative
4823,negative
2111,positive
20932,positive
25271,negative
177,positive
5684,negative
47938,negative
32859,positive
28222,positive
28531,positive
15850,positive
23745,negative
43284,negative
20614,negative
27820,positive
38873,positive
27588,negative
41890,negative
23873,negative
10916,positive
22990,negative
47402,positive
20375,negative
24684,negative
8054,positive
1742,negative
25117,negative
24185,positive
13632,negative
4304,positive
21988,negative
35720,negative
23461,negative
10445,positive
42407,positive
15710,positive
33010,negative
10280,negative
20946,positive
5654,positive
4817,positive
36891,negative
39174,positive
15057,negative
13944,negative
21682,negative
35500,positive
11029,negative
4449,positive
39839,negative
42197,negative
32526,positive
30353,positive
27615,positive
20950,negative
45485,positive
38588,negative
17250,positive
3432,positive
46131,positive
1793,negative
4866,positive
27416,negative
17915,negative
37333,positive
7593,negative
47135,negative
44991,negative
40269,negative
5170,positive
35152,positive
46636,negative
32958,positive
40262,positive
11808,negative
42049,negative
2711,negative
12884,negative
46276,positive
44109,negative
5228,negative
34402,positive
46087,negative
5187,positive
13710,positive
18173,negative
39230,negative
2580,negative
35601,positive
38533,negative
29485,negative
25443,positive
46698,positive
1585,negative
47460,negative
18330,negative
8189,positive
8932,positive
33141,positive
21589,positive
30814,negative
45261,positive
4868,positive
9101,negative
21007,negative
42996,positive
28564,negative
41966,negative
21029,positive
21398,positive
30759,positive
26870,positive
1705,negative
41474,negative
49579,negative
47743,negative
11569,negative
31449,negative
30879,negative
34155,positive
8408,negative
45877,negative
10017,negative
11045,negative
28438,negative
27225,positive
25454,negative
4422,negative
1277,positive
27244,negative
331,negative
20295,positive
2433,negative
6348,positive
31810,negative
23469,negative
17392,positive
36045,positive
39581,negative
20256,negative
26720,positive
9726,positive
42726,negative
14846,negative
4884,positive
40466,positive
41337,negative
9799,negative
16430,negative
4265,negative
28502,negative
48837,positive
19786,positive
15632,positive
11902,positive
16113,positive
3716,positive
43726,positive
1181,negative
6068,positive
36254,negative
41884,negative
950,positive
36503,negative
8201,positive
49181,negative
48905,negative
48862,negative
42700,positive
44391,negative
12147,positive
29209,positive
37982,positive
20970,positive
7991,positive
4673,negative
4460,negative
25594,negative
11114,positive
34681,negative
15869,negative
31414,positive
13621,positive
4156,negative
27885,negative
16930,negative
26670,negative
46227,positive
29243,positive
27540,positive
25150,negative
20795,positive
18685,positive
44362,positive
13327,negative
34830,positive
29953,positive
22772,positive
16948,negative
7709,positive
21156,positive
2361,positive
49376,positive
33642,negative
34695,negative
49724,negative
36526,positive
12007,negative
31490,negative
39708,positive
17009,negative
26176,negative
30834,positive
21445,positive
43180,negative
29988,negative
30722,positive
24788,negative
44492,negative
44779,positive
32430,positive
10990,negative
22848,negative
6677,positive
14529,positive
15810,positive
3503,negative
11949,negative
11210,negative
4109,positive
5036,positive
43563,negative
18273,positive
47263,positive
2523,negative
23167,negative
24677,positive
38154,positive
7169,negative
12366,negative
21083,positive
43742,negative
39136,negative
33583,positive
31703,positive
38238,positive
22359,positive
48247,positive
5930,negative
38283,positive
40524,negative
14750,negative
11035,negative
25201,positive
29459,positive
1176,positive
38938,positive
48126,negative
47643,positive
6050,positive
35665,positive
38145,positive
33826,negative
25387,negative
41042,positive
24933,negative
9764,positive
36882,positive
3777,positive
10004,positive
13034,negative
19664,positive
3038,negative
46902,positive
7064,positive
4234,negative
27605,positive
19647,positive
4983,negative
21177,positive
48272,positive
470,positive
12860,positive
33450,negative
18379,positive
25310,positive
24709,negative
29071,negative
4776,negative
25025,positive
33433,positive
17076,positive
18055,positive
11669,negative
1098,negative
5371,negative
39073,positive
30514,positive
1283,negative
37581,negative
41092,negative
12582,negative
39516,negative
48075,positive
15478,negative
5523,negative
23812,positive
48467,positive
33047,positive
38196,negative
21194,negative
45272,positive
10742,positive
48560,positive
25842,negative
43817,negative
843,positive
10055,positive
2060,positive
6205,positive
6176,positive
7366,negative
38302,negative
3920,negative
32634,positive
12552,positive
40577,positive
33749,positive
9532,positive
7221,negative
21672,negative
16782,negative
41582,negative
49613,positive
10390,positive
29213,negative
17177,negative
46989,negative
47499,negative
1711,negative
47542,positive
46408,positive
26942,negative
33612,negative
28108,positive
31399,positive
46193,negative
3169,positive
48316,negative
25985,positive
5047,positive
15713,positive
3211,negative
45043,negative
14086,positive
14765,positive
44103,negative
19414,negative
4349,positive
12726,positive
34025,positive
41114,positive
37932,positive
16254,positive
42985,positive
27292,positive
13913,negative
26575,negative
43741,positive
15674,positive
3397,positive
11071,positive
45456,negative
9888,positive
22904,negative
16829,positive
20252,positive
43250,positive
33084,negative
48499,negative
13248,positive
18098,positive
20566,negative
35975,positive
32460,negative
7273,positive
18875,positive
17625,positive
37774,positive
4830,negative
4856,positive
33174,positive
21213,positive
16755,negative
32892,positive
27948,negative
15336,positive
46684,negative
16163,negative
24450,positive
3571,negative
29638,negative
42040,negative
16126,negative
7950,negative
44805,negative
34331,positive
2494,positive
47487,negative
13151,negative
33199,negative
17032,positive
39394,negative
47115,positive
14596,negative
33943,negative
15501,negative
11166,negative
48147,positive
29646,negative
36289,positive
33600,positive
18443,negative
6924,positive
36512,positive
46482,negative
8493,positive
29051,positive
19648,negative
11475,negative
25788,positive
10272,positive
19305,negative
28154,positive
27706,negative
47009,positive
37285,negative
40352,positive
23679,positive
1864,positive
39935,positive
2594,positive
11038,positive
33900,positive
4977,negative
13633,positive
20639,positive
33648,negative
36558,negative
22310,negative
26377,negative
41377,positive
28504,positive
34233,negative
3699,positive
26140,positive
42603,positive
29491,negative
45840,positive
14737,negative
35956,positive
3520,positive
29414,negative
43375,positive
4963,positive
47216,positive
17771,negative
16072,positive
45843,negative
3886,positive
21825,positive
15725,negative
2005,positive
6057,negative
22293,positive
3137,positive
21729,negative
13098,negative
34428,positive
44344,positive
49722,positive
44727,positive
4316,positive
11434,positive
33239,positive
47413,positive
29367,negative
31024,positive
17622,negative
13353,negative
25261,negative
4806,positive
45637,negative
29469,negative
30897,positive
22884,positive
42329,negative
28815,negative
34797,negative
48681,negative
16523,positive
34411,negative
30294,negative
16862,negative
37200,positive
37715,positive
26362,positive
23393,positive
40907,negative
36274,positive
34976,negative
48572,positive
22637,negative
38161,positive
32791,negative
34516,positive
342,positive
28852,negative
15640,negative
7482,negative
22173,positive
16236,positive
34440,negative
9304,negative
31764,negative
4409,negative
15128,negative
20466,negative
15179,negative
16049,negative
22270,negative
48939,negative
19682,positive
18684,negative
35536,positive
16108,negative
13760,negative
24494,positive
33815,positive
38797,positive
9829,negative
37811,positive
45298,positive
36297,positive
19139,positive
28890,negative
11430,positive
8474,positive
31429,negative
25230,positive
48134,positive
5344,positive
6430,positive
10099,negative
32320,positive
19892,positive
7469,negative
34030,negative
38248,negative
9621,positive
24561,negative
5298,negative
10440,negative
18111,negative
9562,negative
48361,negative
7457,positive
8664,negative
43406,positive
13507,negative
6891,positive
46831,positive
46704,positive
39127,negative
38473,positive
6194,positive
33181,positive
4253,positive
15954,positive
30521,positive
22808,positive
21584,positive
2419,negative
43474,negative
24110,negative
36561,negative
31406,negative
29906,negative
1955,negative
35072,positive
45791,positive
10658,negative
3026,negative
27392,negative
13971,negative
2117,positive
44219,negative
18634,negative
7921,positive
31123,positive
7343,positive
22168,negative
14132,negative
2869,positive
3654,positive
21995,positive
22372,positive
26474,positive
9737,negative
49794,positive
26601,positive
25542,negative
38906,negative
15086,positive
40413,negative
18279,negative
18290,positive
2970,positive
28557,positive
6836,negative
45468,negative
13580,positive
32129,positive
23444,positive
145,negative
29707,negative
9878,positive
17582,negative
33252,positive
16345,positive
24104,positive
47235,negative
4623,positive
40553,positive
1254,positive
13076,negative
28365,positive
7144,positive
17839,positive
31493,positive
30169,positive
41841,positive
40085,positive
12801,negative
6195,positive
13686,positive
23380,negative
27064,positive
34163,negative
45521,negative
16543,negative
14564,positive
26766,negative
49616,negative
10854,negative
29181,negative
39363,negative
38960,negative
12372,positive
44510,negative
28233,positive
12124,positive
17312,positive
33818,positive
3618,negative
1122,negative
48746,negative
26186,negative
31589,negative
43814,negative
24804,positive
28453,positive
35352,positive
32606,positive
31578,positive
32898,positive
21749,positive
10211,negative
30479,negative
24527,positive
39454,positive
48003,positive
21366,negative
22816,negative
33754,positive
41620,negative
20331,negative
27652,positive
16034,positive
45694,negative
43868,positive
7880,positive
2085,positive
36921,positive
12688,negative
13322,positive
17833,positive
32611,positive
46169,negative
45418,negative
4036,negative
23657,negative
19013,negative
44034,positive
400,positive
28161,positive
17437,negative
41096,negative
22495,positive
30823,positive
20051,negative
40023,positive
12760,negative
31167,negative
6468,positive
32238,positive
1373,positive
38359,positive
927,negative
35818,positive
10116,negative
8319,negative
26073,negative
29730,positive
9626,positive
3786,positive
20886,positive
6905,negative
6479,positive
27149,negative
33658,negative
38900,negative
26817,negative
35547,positive
41572,positive
24448,positive
30246,positive
22558,negative
45579,positive
17736,positive
25981,positive
5865,positive
6530,positive
10537,negative
28213,negative
7361,positive
38903,negative
12511,positive
10454,negative
18378,positive
20738,negative
43336,positive
8394,negative
21103,positive
1163,negative
2532,negative
7845,positive
26048,positive
39017,positive
41843,negative
12703,negative
33513,positive
19803,positive
5752,positive
34356,negative
30770,negative
36493,positive
25058,positive
15822,negative
28284,positive
13651,negative
40571,negative
17173,positive
12284,negative
35461,negative
34060,negative
35236,negative
26634,negative
24471,positive
18416,positive
18955,negative
37194,positive
20719,negative
37401,negative
3264,negative
46180,positive
31126,positive
42233,positive
43714,positive
7025,negative
17499,positive
29713,positive
32788,negative
15108,negative
2477,negative
48078,positive
11349,positive
29035,negative
1912,negative
27728,positive
36500,negative
42094,negative
49531,negative
27312,negative
14599,positive
12075,positive
41321,positive
28988,negative
2099,negative
19534,negative
34940,positive
8024,positive
13254,positive
1986,negative
26012,positive
3336,positive
26621,negative
11745,negative
18477,negative
47612,negative
25537,positive
20865,positive
43447,positive
8007,negative
29077,negative
43721,positive
23001,positive
28194,negative
21513,positive
21025,negative
15295,positive
11662,negative
31719,positive
42116,positive
28242,negative
43152,positive
9695,positive
25566,positive
34445,positive
14110,negative
12959,positive
23315,negative
17927,positive
20414,negative
22459,negative
44363,positive
5677,positive
43367,negative
33872,negative
610,positive
30921,positive
25260,positive
30394,negative
38326,positive
44289,positive
48465,positive
9290,negative
26407,positive
28059,positive
22296,negative
22052,positive
44452,positive
12513,positive
48576,negative
18776,negative
15715,positive
7977,positive
33176,negative
47635,negative
8345,negative
30590,negative
11898,positive
25496,positive
22322,positive
17680,negative
12470,negative
4658,positive
48394,negative
1688,negative
22182,negative
12792,negative
8041,negative
31062,positive
35027,positive
14830,positive
38849,positive
20063,negative
28278,positive
34548,positive
10905,positive
19221,negative
24430,positive
47350,negative
18112,negative
3542,positive
25563,positive
6760,negative
33830,negative
21276,positive
38233,negative
14351,negative
1227,positive
9160,positive
25666,negative
20545,positive
4120,negative
278,positive
19037,negative
20047,negative
38649,positive
37313,negative
854,positive
43087,positive
46494,positive
19536,negative
16464,positive
36747,negative
29861,negative
885,positive
47843,negative
21462,positive
9404,negative
33416,positive
40744,positive
23977,negative
28140,negative
46079,negative
20718,positive
27648,positive
29971,negative
24243,negative
3036,negative
6977,positive
31766,positive
23702,positive
22078,positive
19236,positive
19893,negative
36415,positive
43916,negative
14698,negative
28276,negative
49862,positive
49925,negative
49960,negative
10093,negative
47577,positive
34859,positive
12806,negative
12423,negative
28729,positive
41924,negative
28237,positive
23311,positive
27812,negative
14712,positive
18795,positive
6889,negative
772,negative
2768,negative
33763,positive
43247,positive
32833,negative
13063,negative
44157,positive
34737,positive
24514,positive
46126,negative
38235,negative
25210,positive
26935,negative
21363,positive
32641,negative
46346,positive
22573,positive
31855,negative
5224,negative
13180,negative
17124,positive
20090,negative
5967,positive
36448,negative
647,negative
3781,positive
20232,positive
19264,positive
24762,negative
17161,negative
30810,positive
19736,positive
47429,positive
38060,positive
430,positive
9912,negative
4017,negative
2976,negative
22228,positive
46023,negative
31428,negative
38534,negative
32234,negative
37011,negative
18751,positive
46249,positive
8410,positive
10407,negative
23956,positive
23042,positive
19834,negative
48428,negative
7269,negative
44594,negative
1139,positive
4986,negative
2886,negative
48414,negative
14978,negative
38404,positive
23792,negative
10994,positive
44422,negative
26582,negative
3121,positive
39203,negative
37448,positive
4058,negative
31986,negative
49292,negative
18870,negative
27740,positive
7071,negative
33875,negative
29559,positive
17584,negative
43157,positive
18584,negative
13459,negative
17725,positive
4570,positive
31514,positive
21497,negative
18176,positive
6330,negative
14875,positive
40463,negative
47442,negative
39231,positive
30147,positive
49347,negative
199,positive
1449,negative
17758,negative
44012,negative
10269,positive
32009,negative
20834,negative
34627,positive
8660,negative
10046,positive
16380,positive
17245,positive
31571,positive
19724,positive
40337,positive
12619,negative
5747,negative
44071,negative
43135,negative
23576,positive
47224,negative
25327,negative
44217,negative
19820,negative
47714,positive
45674,negative
41828,positive
3841,negative
34966,positive
5646,negative
33932,negative
25316,positive
23047,negative
9673,positive
45834,positive
9243,positive
35275,negative
32447,positive
682,negative
45180,negative
46940,positive
41769,positive
8813,negative
40265,positive
25267,negative
49380,positive
28592,positive
12759,positive
8475,positive
24803,negative
13506,positive
18216,positive
44985,negative
6225,positive
33323,positive
32157,negative
45144,negative
10461,positive
34111,positive
36901,negative
36463,negative
586,positive
26502,positive
39110,negative
29317,negative
23209,negative
43786,negative
23585,positive
47911,negative
40065,negative
7651,negative
7585,negative
40552,positive
36928,positive
13374,negative
13485,positive
24493,positive
2464,positive
9830,positive
31685,positive
37429,negative
20340,negative
48860,negative
44241,negative
47408,positive
27507,positive
17553,negative
23515,negative
26007,negative
46860,positive
29597,positive
18047,positive
44419,positive
31563,negative
34963,positive
7056,positive
7647,negative
25771,positive
43936,positive
27720,positive
28449,negative
48431,negative
24385,positive
38940,positive
36466,negative
10928,positive
42424,negative
12895,negative
41068,negative
26107,positive
45575,negative
3291,positive
34118,negative
11428,negative
15055,positive
19475,positive
3495,negative
5265,negative
12378,positive
20367,positive
45678,negative
40830,negative
6917,negative
18028,negative
37746,positive
21329,positive
20280,positive
41886,positive
16546,positive
14068,negative
20631,positive
21240,positive
27153,positive
26635,negative
10822,negative
19016,positive
14760,positive
18120,positive
42882,negative
36208,negative
49475,negative
1825,negative
46195,positive
25435,negative
40079,negative
8910,negative
20854,positive
27451,negative
31938,negative
6947,negative
9686,negative
34335,positive
46759,positive
28475,negative
18669,negative
37157,negative
3565,negative
28541,positive
18050,positive
28080,positive
28533,positive
21421,positive
323,negative
47971,positive
19346,positive
14805,negative
45992,positive
45620,positive
49166,negative
28280,negative
38832,positive
29277,positive
27489,negative
43006,negative
10497,positive
42663,positive
5529,positive
35388,positive
31209,negative
40988,negative
21333,positive
3403,positive
7781,negative
27136,negative
45930,positive
25716,positive
22230,negative
483,negative
28662,negative
14182,negative
39685,negative
8791,positive
38979,negative
40402,positive
2875,positive
45436,positive
22604,negative
37028,negative
44394,negative
4216,negative
33068,negative
13592,positive
44341,positive
38870,positive
46869,positive
374,positive
48582,negative
39617,negative
27089,negative
32025,positive
21635,negative
4580,positive
39393,negative
17783,negative
40303,negative
19517,positive
28310,negative
12618,positive
35499,negative
35885,negative
31745,negative
48721,positive
13912,positive
7095,positive
15401,positive
42130,negative
29298,positive
33130,negative
29117,positive
7688,positive
45115,negative
63,positive
25110,positive
12025,negative
37596,negative
7893,positive
20266,positive
49707,positive
47293,negative
22682,positive
29910,negative
2386,positive
25885,negative
3185,negative
21753,positive
8359,negative
4996,negative
19991,positive
37219,negative
45048,positive
13735,positive
6112,negative
5374,positive
42275,negative
12432,negative
7919,negative
35812,negative
37631,positive
12141,negative
39635,positive
9646,negative
43842,positive
36449,positive
25314,negative
46536,positive
5305,positive
38770,negative
22446,positive
10325,positive
37747,negative
41365,positive
3181,positive
29110,positive
26630,negative
17021,positive
4615,positive
30559,negative
429,negative
45145,positive
36166,negative
46192,negative
43339,positive
21862,negative
24212,negative
10366,positive
39273,negative
33413,negative
20850,negative
16843,positive
9999,negative
23187,positive
7498,positive
5460,negative
4574,positive
8172,positive
33840,positive
23589,negative
41913,negative
7295,positive
25914,negative
16358,positive
36330,negative
46763,positive
13264,positive
33511,negative
44106,negative
11193,positive
27639,negative
35306,positive
17715,negative
32664,positive
13168,positive
25291,positive
27402,positive
12458,positive
2186,positive
37088,positive
21359,negative
40554,positive
25254,positive
2495,negative
11033,positive
13612,positive
26445,negative
41258,positive
11763,negative
5236,negative
5764,positive
19733,negative
39018,negative
36079,negative
44768,positive
28281,positive
46355,negative
42759,positive
48921,positive
47079,positive
18152,negative
41441,positive
18347,positive
21523,negative
39093,negative
29609,positive
19137,negative
9385,negative
21113,negative
43031,negative
16159,negative
24593,positive
27462,positive
10167,negative
34916,negative
34138,positive
31231,negative
44958,positive
3031,positive
29207,negative
31461,negative
40777,negative
43706,negative
28615,negative
30871,negative
9069,negative
22922,negative
36212,positive
30421,positive
3228,negative
44490,positive
25420,positive
32344,positive
30373,positive
18380,positive
35716,positive
43932,positive
5708,negative
49578,negative
26773,negative
37655,negative
386,negative
39191,negative
3376,negative
29725,positive
18893,positive
30062,positive
3864,negative
43116,positive
7210,positive
3367,negative
14442,positive
15971,negative
45343,positive
6076,negative
32811,positive
47849,positive
38202,positive
32662,negative
2096,positive
28781,positive
42963,negative
31466,positive
3759,positive
30137,positive
13343,negative
37834,negative
16919,negative
26793,negative
28792,negative
46386,positive
47795,negative
13675,negative
19394,negative
16766,positive
11314,negative
46457,negative
22609,positive
8921,positive
1282,positive
46450,positive
33864,positive
9065,negative
39822,positive
23078,positive
24066,positive
915,negative
22126,negative
23365,negative
31432,positive
26750,positive
33780,positive
41928,negative
17472,positive
19316,negative
44429,positive
32657,negative
36918,negative
899,negative
23559,negative
46238,negative
40171,positive
23308,negative
17629,negative
17519,negative
972,negative
35853,negative
12131,negative
11462,positive
18695,positive
44136,negative
11049,positive
18127,negative
6527,positive
35963,positive
2133,positive
32291,positive
11225,negative
49691,negative
2373,positive
19000,positive
6485,negative
18254,negative
38924,negative
8616,negative
28323,positive
36524,positive
8579,negative
42514,positive
8021,negative
47345,positive
39101,negative
38367,negative
1013,negative
2248,negative
21318,negative
44843,positive
33284,negative
37639,negative
41587,negative
49129,negative
48363,positive
44020,positive
20496,negative
5568,positive
11833,positive
38331,positive
32212,negative
25616,negative
44932,negative
232,positive
38515,negative
41664,negative
5978,negative
6649,negative
40880,positive
37519,negative
17610,positive
28060,positive
12258,negative
23746,positive
21357,negative
2894,positive
24415,negative
14230,negative
23400,positive
2639,negative
47262,negative
10152,negative
45311,positive
14418,negative
39357,positive
30251,negative
28593,positive
48389,negative
21211,negative
42733,negative
10971,positive
31538,positive
26534,positive
29312,negative
36836,positive
5932,negative
3805,negative
30203,positive
33212,negative
48170,positive
2981,positive
16786,positive
25498,negative
3738,positive
31467,negative
21681,positive
47030,positive
20993,positive
23410,negative
4378,negative
24848,negative
45656,negative
42861,negative
43942,negative
3096,negative
36268,positive
14278,positive
11592,negative
44476,positive
46566,positive
43711,negative
38692,positive
27025,positive
38845,negative
30142,negative
8395,negative
4606,positive
33052,positive
35010,positive
16696,positive
24588,negative
18984,positive
5716,negative
34076,positive
41052,positive
22740,negative
32477,negative
42199,negative
23866,negative
48816,positive
42085,negative
1877,negative
7790,negative
4306,positive
626,negative
39756,negative
15001,negative
15645,positive
30603,positive
29898,positive
34420,positive
41101,positive
14033,negative
19141,positive
35631,positive
48655,negative
35023,positive
46127,positive
5611,negative
39232,positive
10645,positive
49989,positive
19372,negative
35076,positive
45172,positive
4385,negative
14459,positive
16477,negative
12762,negative
24555,positive
20454,positive
481,negative
37869,positive
42002,positive
42704,negative
38466,negative
12981,negative
9734,negative
26183,positive
28681,positive
15190,positive
45947,negative
36080,negative
31256,positive
47127,negative
26493,positive
47923,negative
7328,negative
274,positive
29651,positive
32907,positive
15040,negative
23849,positive
32854,negative
15109,positive
16160,negative
42475,positive
2175,negative
43099,positive
26678,negative
20125,positive
46575,negative
38342,negative
31064,negative
4352,positive
15299,positive
759,negative
25813,negative
23973,negative
22141,negative
7515,positive
1819,positive
13820,positive
46526,negative
42048,positive
27012,negative
47048,positive
14364,negative
13905,positive
36896,negative
38798,negative
44982,negative
32837,negative
44959,negative
29503,negative
34119,negative
25431,positive
25377,positive
48787,negative
40185,positive
17594,negative
22679,negative
15240,positive
8405,positive
11397,negative
38655,negative
20501,negative
17067,positive
48546,negative
7802,positive
44528,negative
46622,positive
12231,negative
26507,negative
40433,negative
41027,negative
5267,negative
35760,positive
43568,negative
352,negative
5012,positive
6577,negative
3223,negative
1577,positive
3662,positive
15045,negative
16235,positive
40297,negative
17547,positive
22883,negative
3540,positive
11043,negative
21164,negative
10825,negative
26492,positive
13587,negative
31850,negative
18125,positive
3605,positive
44360,positive
25609,negative
35066,negative
38939,negative
13487,positive
49621,positive
14749,negative
41952,positive
37351,positive
39609,positive
35203,negative
40379,positive
46315,negative
38374,negative
26979,positive
33253,negative
41290,positive
44004,positive
35416,negative
32841,negative
6966,negative
39301,positive
30104,positive
6789,positive
29667,negative
35221,negative
18594,negative
35449,positive
6996,positive
9166,negative
9190,positive
36616,positive
43159,positive
16781,positive
13672,positive
49474,negative
17420,positive
5035,positive
2903,negative
11477,positive
2435,positive
36501,negative
1854,negative
19474,negative
30046,positive
37818,positive
3830,negative
27075,positive
21052,negative
34500,negative
559,positive
26896,positive
39390,negative
11839,positive
46260,positive
23813,positive
29540,negative
9667,positive
21112,negative
12815,negative
40446,negative
8436,positive
9986,positive
12487,negative
43562,negative
104,negative
48962,positive
36814,positive
26138,positive
33089,positive
16342,positive
40021,negative
39722,negative
14598,negative
1481,positive
16691,negative
19636,positive
3793,negative
4981,positive
19667,positive
24641,negative
7504,positive
12576,negative
7123,negative
38790,positive
1867,positive
13204,positive
24082,negative
33385,positive
849,negative
14050,negative
47308,negative
45634,negative
8659,negative
7516,negative
703,negative
31987,negative
28488,negative
47472,negative
42185,positive
25605,positive
35675,positive
4670,positive
28049,positive
35033,negative
18240,negative
26404,positive
11209,positive
31334,negative
43186,positive
48347,negative
777,negative
20772,negative
33265,positive
19215,negative
11798,positive
8666,positive
15014,positive
14225,negative
12869,positive
15046,negative
7837,positive
16090,positive
48553,negative
6101,positive
2056,positive
746,positive
13237,positive
13198,positive
49958,negative
20629,positive
2852,positive
39858,negative
20165,positive
19151,negative
46520,negative
10747,negative
28151,negative
3037,positive
7461,negative
24114,positive
22643,positive
1683,positive
4878,positive
13724,positive
10902,positive
49636,negative
21740,positive
5429,positive
15889,positive
29365,positive
36450,negative
41758,positive
7983,negative
8181,negative
23317,positive
25892,negative
20490,positive
9607,negative
31688,negative
20974,positive
14961,positive
4832,negative
15881,negative
14262,negative
34198,negative
1001,negative
13115,negative
18873,negative
30971,positive
3987,negative
12790,negative
35643,negative
13696,positive
13476,positive
11750,positive
10593,negative
36536,negative
19272,negative
40740,positive
45397,positive
11873,negative
7479,negative
21082,negative
13294,negative
24024,positive
23126,positive
11661,negative
38199,positive
6751,negative
48819,negative
7917,positive
16605,negative
5368,positive
3445,negative
8570,negative
8930,positive
21908,negative
3932,positive
5349,negative
28245,negative
32605,negative
11536,positive
17122,negative
46474,positive
22349,positive
26261,positive
16136,positive
10501,positive
18234,positive
13296,negative
28715,negative
27661,negative
13269,positive
47920,positive
34429,negative
3266,positive
45851,positive
15005,positive
22397,negative
34430,negative
24213,positive
44043,negative
6523,positive
28633,positive
47704,positive
20212,negative
31723,negative
4895,negative
15192,negative
18210,positive
39809,negative
30546,negative
7668,negative
28074,negative
34015,negative
31119,negative
461,positive
28187,positive
25681,negative
11681,negative
12948,positive
14238,negative
7687,negative
46605,positive
23443,negative
9932,positive
32939,negative
28217,positive
8455,negative
5842,negative
13376,negative
37380,positive
2136,positive
7818,negative
1378,negative
10176,negative
4690,negative
28427,positive
46128,positive
20185,positive
49386,positive
40578,positive
11814,negative
27521,positive
42505,positive
24354,negative
22295,negative
47725,positive
31462,positive
31870,positive
39164,negative
47877,negative
4257,negative
5188,negative
29761,positive
4741,positive
47836,positive
6014,negative
16056,positive
3701,positive
217,positive
40469,negative
23895,negative
30501,negative
27238,positive
13884,negative
21548,negative
22511,positive
11036,negative
20692,negative
35721,negative
14505,positive
7894,positive
27680,positive
5909,positive
4505,negative
9087,negative
2329,negative
44442,negative
32784,positive
47360,negative
46675,positive
15855,positive
49480,positive
42205,negative
12958,positive
35130,positive
15147,negative
31308,negative
7415,positive
6309,negative
27368,negative
9847,negative
13371,positive
45334,negative
33177,negative
32130,positive
17213,positive
24295,negative
13745,negative
2437,positive
22106,negative
47786,positive
34895,negative
20411,positive
32237,negative
30913,negative
48464,negative
32885,positive
42110,negative
39510,negative
41122,positive
29711,negative
33117,positive
9350,positive
20841,positive
40354,negative
17240,positive
48606,negative
16177,positive
12832,negative
38589,negative
48801,negative
45872,negative
48922,positive
7201,positive
36990,positive
45963,positive
891,positive
48015,negative
7891,negative
20400,negative
16228,positive
5688,positive
31163,positive
43029,positive
48149,positive
45402,negative
41757,positive
8529,positive
40909,negative
652,negative
13907,positive
23232,positive
23344,positive
27498,positive
5011,negative
18149,negative
36688,negative
28577,positive
34714,positive
33392,positive
49768,negative
46160,negative
35268,negative
2555,negative
3715,negative
16564,negative
24881,positive
21280,positive
38942,positive
12388,negative
33417,positive
11809,negative
25954,negative
19322,negative
43437,positive
26429,negative
34883,positive
10010,positive
27091,negative
9126,positive
37456,negative
48233,negative
29214,negative
8518,negative
17714,negative
22947,positive
37539,positive
8275,positive
34449,positive
48377,positive
49914,negative
30339,negative
29619,positive
4827,positive
32086,positive
10172,negative
10784,negative
17691,positive
45905,positive
39304,negative
33544,positive
21675,negative
15220,negative
7512,positive
19435,positive
22923,negative
38110,negative
46999,negative
40521,positive
36347,positive
2515,negative
19719,positive
42954,negative
17142,positive
35992,positive
7678,negative
8443,negative
48274,negative
43494,negative
48640,negative
43503,positive
13792,positive
8618,negative
4249,positive
21721,positive
26309,positive
2516,negative
2727,negative
49877,positive
22551,negative
25562,positive
46564,positive
6586,negative
40733,positive
24852,negative
29429,positive
31804,positive
43731,negative
25705,positive
30343,negative
21074,positive
16813,positive
46205,positive
32292,positive
35506,negative
29984,positive
35084,positive
14286,positive
31624,positive
37327,positive
6794,negative
2901,negative
9744,negative
15838,negative
42212,positive
4705,positive
27326,positive
29520,positive
12525,positive
937,negative
38818,negative
40299,positive
30143,positive
32194,negative
40975,positive
5749,negative
21049,negative
21974,positive
14555,negative
20563,positive
48809,negative
27160,negative
31828,negative
12623,negative
5922,negative
1721,negative
582,negative
24466,negative
6144,negative
47121,negative
12663,negative
6362,negative
42202,negative
34562,positive
29124,negative
20306,positive
34089,negative
10255,positive
46736,positive
28682,positive
46607,positive
7500,positive
24976,positive
16001,positive
40863,positive
23014,positive
771,negative
4092,negative
47649,positive
30054,negative
48859,positive
19581,positive
30108,positive
42971,positive
43110,positive
35981,negative
16314,positive
38043,positive
45023,negative
14357,positive
298,positive
33785,negative
34174,positive
23495,negative
43720,negative
40397,negative
21601,positive
12396,negative
34846,positive
13996,negative
45700,positive
1279,negative
42636,positive
4725,negative
32826,negative
26813,positive
20223,negative
42965,negative
27614,positive
19362,positive
18371,positive
46232,positive
45630,positive
37761,negative
43167,negative
28122,negative
3309,positive
17682,negative
29103,negative
12105,negative
17487,positive
38604,positive
38486,positive
34692,negative
14062,positive
31027,negative
9926,negative
3402,positive
43024,positive
15297,negative
18675,negative
47624,positive
23615,positive
26363,negative
37637,positive
30888,negative
46316,negative
9382,positive
22703,positive
43633,negative
27562,negative
33625,positive
47597,negative
21936,positive
18170,negative
29420,positive
36617,positive
10594,negative
37424,positive
16675,negative
21394,negative
44423,positive
6294,negative
37182,negative
18588,positive
3426,positive
3231,negative
41879,positive
14464,negative
15354,positive
42731,positive
17787,negative
46331,negative
16393,negative
16853,positive
34835,positive
32530,positive
43524,negative
41558,positive
16582,positive
17556,positive
30230,positive
4131,negative
38307,positive
26809,positive
37062,negative
17363,negative
48398,positive
1078,negative
47207,negative
41034,positive
5502,negative
4414,positive
23803,positive
34529,positive
21245,positive
3001,negative
39704,positive
47445,positive
4760,negative
49277,negative
44283,positive
16540,negative
43801,positive
25152,negative
8323,negative
38151,negative
47905,positive
14947,negative
48621,positive
43423,negative
9469,negative
5309,positive
24989,positive
34483,positive
31681,positive
4476,positive
23091,negative
12262,negative
2418,negative
10215,negative
42120,positive
6986,negative
4121,positive
34897,negative
26496,negative
49745,negative
5795,positive
32818,positive
38895,negative
24906,positive
10164,positive
2830,positive
46557,positive
37520,negative
13827,negative
30761,positive
32272,negative
23116,positive
22684,negative
28908,positive
442,positive
35277,negative
38709,negative
34544,negative
15365,positive
33649,negative
196,negative
2706,positive
16461,positive
42390,negative
32668,positive
31903,negative
24320,negative
27516,positive
39163,positive
16915,negative
40618,negative
44156,positive
32385,negative
29602,positive
34542,positive
6654,negative
46469,positive
1471,negative
10908,positive
41442,positive
43322,positive
6393,negative
28954,positive
16657,positive
17923,positive
19589,negative
32632,negative
22898,negative
6341,positive
23906,positive
38423,positive
18917,positive
25896,negative
12956,negative
29066,negative
45252,negative
35183,positive
31471,negative
1158,negative
18108,negative
28859,negative
16052,positive
17288,negative
29983,negative
579,negative
5693,negative
25473,negative
40200,positive
8961,negative
3859,positive
32562,negative
38793,negative
8446,positive
7773,positive
10870,negative
46361,positive
48807,negative
29175,negative
41829,negative
29274,negative
16740,positive
43133,negative
26969,positive
21536,negative
30282,negative
29014,negative
43841,negative
48723,negative
32478,negative
15042,negative
2741,positive
48418,positive
6129,positive
11576,positive
26971,positive
48529,negative
25632,negative
4035,positive
16730,positive
26042,negative
42859,positive
41755,negative
29996,positive
19793,positive
40179,negative
20211,negative
13965,negative
27920,positive
18138,negative
30114,positive
37768,negative
49317,positive
24250,positive
17354,negative
2082,positive
41682,negative
43417,negative
30366,negative
41712,negative
40156,positive
42811,positive
30365,negative
42193,negative
6851,positive
12066,negative
11221,negative
15945,negative
524,positive
38824,positive
40946,negative
35690,negative
30838,negative
11988,negative
38203,positive
38004,positive
18481,positive
44014,positive
30037,positive
46036,negative
36925,positive
29625,negative
30694,negative
36551,negative
24994,positive
47110,negative
23987,positive
3069,positive
40643,positive
40699,positive
23264,negative
44117,negative
33422,negative
38748,positive
27450,positive
5397,positive
19169,negative
3760,positive
15704,positive
18830,negative
43812,positive
19225,negative
25163,negative
29248,positive
5492,negative
49788,negative
30974,negative
48782,positive
17197,positive
36609,negative
47879,negative
25285,negative
23075,negative
42738,positive
10743,negative
30602,positive
38276,positive
32739,negative
44094,positive
41105,negative
1183,positive
34648,negative
12241,negative
21565,negative
48812,negative
38783,negative
41809,negative
17096,negative
30583,negative
16750,negative
27753,positive
16777,negative
5712,negative
36441,positive
48138,positive
6202,negative
31966,negative
42773,positive
3462,negative
22961,negative
33521,negative
32339,negative
41591,positive
35239,positive
2528,negative
18882,negative
1485,negative
29709,positive
3271,negative
3611,positive
11847,positive
24067,positive
8761,positive
35553,negative
10370,negative
2465,negative
48583,negative
28500,positive
22040,positive
42172,negative
35907,positive
9390,positive
28176,negative
46340,negative
11164,negative
48267,negative
46901,positive
10759,positive
45755,negative
37079,positive
23503,positive
38333,positive
38058,negative
42244,positive
28618,positive
37795,negative
5565,negative
5908,negative
31305,negative
23182,positive
37740,negative
41691,negative
23373,negative
33790,negative
7443,negative
7475,positive
24964,negative
41066,negative
49172,negative
35528,negative
20377,negative
46011,positive
41548,negative
26459,positive
20874,negative
20484,negative
23499,negative
641,positive
44856,negative
14762,positive
10446,negative
44158,positive
2876,negative
47178,negative
31532,positive
25679,negative
9849,negative
10599,positive
4525,positive
46201,positive
48140,negative
6516,positive
25695,positive
1509,negative
42358,negative
12286,negative
11016,negative
46616,positive
27601,negative
40772,positive
46865,negative
29802,positive
18876,negative
12794,negative
5740,negative
737,negative
3608,positive
25430,positive
30966,positive
19707,positive
19971,negative
17458,positive
24793,positive
46484,positive
49632,negative
25084,positive
2625,positive
6955,positive
28740,positive
27657,negative
20368,positive
23478,positive
27624,negative
19340,negative
21493,negative
37083,positive
37058,positive
11547,positive
13096,negative
42858,positive
29729,negative
9988,positive
8478,negative
30170,positive
18973,positive
39471,negative
10735,negative
2212,negative
38742,negative
25388,negative
27452,positive
31211,positive
32078,negative
18305,negative
36451,positive
13671,negative
8194,negative
3289,positive
47083,negative
31430,positive
48364,negative
31993,negative
36437,positive
21629,positive
38021,positive
26165,positive
12533,negative
408,positive
48608,negative
26367,positive
10744,positive
33090,negative
10158,positive
17165,negative
43184,negative
2916,positive
27176,positive
17898,positive
22473,negative
5229,positive
44791,negative
344,positive
49311,positive
48980,positive
14585,negative
20217,negative
23414,positive
37274,positive
47947,positive
42106,positive
7238,negative
31867,positive
39266,negative
45052,negative
47975,negative
27394,positive
22777,positive
17378,positive
26295,negative
7252,positive
25225,negative
26541,positive
7432,positive
1049,positive
44160,positive
9119,positive
32805,negative
45950,positive
34108,negative
19722,positive
38371,negative
42960,negative
12557,negative
36317,positive
27205,negative
39090,positive
8192,positive
14280,negative
38464,negative
7673,negative
26392,negative
39901,negative
36779,positive
43653,negative
17760,negative
48384,positive
863,negative
19262,negative
45076,positive
19558,positive
23429,negative
19273,positive
40677,positive
5569,positive
19285,negative
17875,positive
3162,positive
24546,negative
49218,negative
31792,negative
1132,positive
24565,positive
31149,positive
31492,positive
37517,negative
43064,positive
9402,positive
35420,positive
7341,positive
24870,positive
48944,positive
27525,negative
28196,positive
15952,negative
25031,positive
23401,negative
22731,negative
29416,negative
39274,positive
49189,negative
34884,negative
18968,negative
47711,negative
31661,positive
26754,positive
36418,positive
40653,negative
2743,positive
3050,negative
50,negative
39860,positive
8746,positive
4746,negative
9195,negative
7614,negative
46148,negative
20016,negative
44979,negative
15171,negative
17973,negative
22513,positive
24394,negative
28355,positive
7004,positive
35264,positive
39996,positive
174,positive
19902,positive
46794,positive
13014,positive
34514,negative
15801,positive
45751,negative
420,negative
16296,positive
29308,positive
22178,positive
16752,negative
18699,negative
39388,positive
32977,negative
5837,negative
39625,positive
30505,negative
40916,positive
40654,positive
24106,negative
30535,positive
28397,negative
3244,negative
801,positive
34941,negative
40232,negative
10414,negative
17972,negative
44277,negative
42494,negative
23554,negative
32692,negative
43114,positive
10946,negative
19823,negative
44730,positive
38934,positive
17228,positive
26566,positive
7561,negative
41020,negative
3664,positive
28957,negative
40155,positive
41553,negative
6366,negative
3708,negative
35386,negative
27613,positive
14218,positive
72,negative
4281,positive
3556,positive
8469,positive
44321,negative
21921,positive
9599,negative
33699,negative
11015,positive
28714,positive
46974,negative
29679,positive
45564,positive
31179,negative
21610,positive
25409,negative
43345,positive
49197,negative
26734,positive
48429,negative
18687,positive
16650,negative
24776,negative
24570,negative
42826,negative
25404,negative
24603,positive
49698,positive
13848,negative
49247,negative
42943,negative
39968,negative
28981,positive
2800,positive
30335,negative
5276,positive
10821,positive
31366,positive
24809,positive
44597,positive
21155,negative
45055,positive
21132,positive
11602,positive
3789,negative
22893,positive
33902,positive
13619,positive
26684,positive
46297,positive
18497,positive
48626,positive
36288,negative
45452,positive
29834,negative
1669,negative
8248,negative
23293,negative
15799,negative
31329,negative
21044,positive
29168,negative
48246,negative
34523,negative
32504,positive
33000,negative
49896,positive
26877,negative
14500,negative
36252,positive
29575,negative
39974,positive
22953,positive
44579,negative
3487,positive
48173,negative
48697,positive
20706,positive
355,negative
7853,positive
40566,negative
10065,positive
30769,positive
46183,negative
30622,positive
25407,negative
17105,positive
10477,negative
38295,negative
40255,negative
7380,negative
19497,negative
39589,negative
48063,positive
48296,negative
22265,negative
37822,positive
44339,negative
2653,negative
36787,negative
32691,positive
39700,negative
49032,negative
14170,negative
9401,negative
38878,negative
22780,positive
29904,positive
21297,negative
28774,negative
5046,negative
25599,negative
15159,positive
42213,positive
27620,negative
38003,negative
22655,negative
24318,negative
38926,negative
11730,positive
36600,negative
37316,positive
40984,positive
26823,negative
44655,negative
28581,negative
34977,positive
22652,positive
41113,negative
19152,positive
41978,positive
2001,negative
18220,negative
36113,negative
46235,negative
29245,positive
25674,positive
41397,positive
14403,negative
45850,negative
21378,negative
21539,positive
9037,positive
44532,positive
15076,negative
26331,positive
9987,negative
49732,negative
19500,negative
41633,negative
38806,positive
34614,positive
42776,negative
6269,negative
34192,negative
15208,negative
46264,negative
38382,negative
6568,positive
12995,negative
35407,positive
45302,positive
27250,negative
49645,negative
37084,positive
14129,negative
22017,positive
5090,negative
26769,negative
7616,positive
32448,negative
43833,negative
15287,negative
40805,negative
24785,positive
26358,negative
13291,negative
15135,positive
11828,positive
14404,positive
33493,positive
9255,positive
37766,positive
1488,positive
22899,positive
23328,positive
21420,positive
29046,negative
4337,positive
26315,negative
15453,negative
22533,negative
15158,negative
17991,negative
48345,negative
35317,negative
29157,negative
12363,positive
10260,positive
33012,positive
13701,negative
45948,negative
37453,negative
1704,negative
11328,positive
16732,positive
3995,positive
25486,positive
5266,positive
7744,negative
3913,negative
38491,negative
7985,positive
15530,negative
931,positive
39239,negative
13890,positive
37008,positive
30386,negative
45238,negative
862,negative
40816,positive
13001,negative
32421,positive
1595,positive
10240,positive
32879,negative
19488,negative
21843,positive
41172,negative
5976,positive
29289,positive
46381,positive
24462,negative
36302,positive
11276,positive
44649,negative
25643,negative
26324,negative
42087,positive
25883,positive
11598,positive
14578,negative
49205,positive
26365,negative
18502,negative
45268,negative
14496,positive
29569,negative
43608,positive
23703,negative
19393,positive
38552,positive
10815,positive
32142,negative
8870,positive
226,negative
17396,positive
34082,negative
42031,positive
19889,negative
19396,positive
20635,positive
37422,negative
2762,negative
33480,positive
10927,negative
46031,positive
4539,negative
41715,positive
19513,positive
39212,negative
29267,positive
45846,negative
39439,positive
44432,positive
22523,negative
21657,positive
49585,positive
14460,negative
14410,negative
33228,negative
7213,negative
14581,negative
14837,negative
40779,negative
23970,positive
16275,positive
37446,positive
29639,negative
1398,positive
46411,positive
45750,negative
15953,positive
19821,positive
38360,negative
17310,negative
16600,negative
46342,positive
1247,positive
16031,negative
26645,negative
45567,positive
27675,negative
20959,positive
43025,positive
33714,positive
6940,positive
45127,negative
13925,positive
3242,positive
11151,negative
48320,negative
19672,negative
1414,positive
28283,negative
41013,negative
34241,positive
29576,negative
41271,negative
8258,negative
26853,positive
8881,negative
22079,positive
47731,positive
19350,positive
32182,negative
16955,positive
39247,positive
1622,negative
47757,negative
45676,positive
2405,negative
30797,negative
37587,positive
23318,negative
12831,negative
33558,positive
29558,negative
43987,negative
27894,positive
5295,positive
24914,negative
34660,positive
1785,negative
39886,positive
17567,negative
16063,negative
48446,positive
20383,negative
